"","name","url"
"1","Adams, Ty","https://unc.nil.store/collections/ty-adams-11"
"2","Anderson, Daniel","https://unc.nil.store/collections/daniel-anderson-95"
"3","Aasheim, Cole","https://unc.nil.store/collections/cole-aasheim-26"
"4","Bacot, Armando","https://unc.nil.store/collections/armando-bacot-5"
"5","Balakrishnan, Kathir","https://unc.nil.store/collections/kathir-balakrishnan"
"6","Banks, Sydney","https://unc.nil.store/collections/sydney-banks"
"7","Barbacci, Ella","https://unc.nil.store/collections/ella-barbacci-24"
"8","Barton, Paul","https://unc.nil.store/collections/paul-barton-24"
"9","Biggers, Gio","https://unc.nil.store/collections/gio-biggers-27"
"10","Billups II, Paul","https://unc.nil.store/collections/paul-billups-ii-11"
"11","Blackwell, Gavin","https://unc.nil.store/collections/gavin-blackwell-2"
"12","Blythe, Jack","https://unc.nil.store/collections/jack-blythe-37"
"13","Boaz, Folger","https://unc.nil.store/collections/folger-boaz-36"
"14","Bovair, Connor","https://unc.nil.store/collections/connor-bovair-27"
"15","Brantmeier, Reese","https://unc.nil.store/collections/reese-brantmeier"
"16","Bremer, Damon","https://unc.nil.store/collections/damon-bremer-96"
"17","Breschi, Alex","https://unc.nil.store/collections/alex-breschi-88"
"18","Brooks, British","https://unc.nil.store/collections/british-brooks-24"
"19","Brooks, Skyler","https://unc.nil.store/collections/skyler-brooks-24"
"20","Brown, Brynn","https://unc.nil.store/collections/brynn-brown"
"21","Bruder, Charly","https://unc.nil.store/collections/charly-bruder-2"
"22","Brüning, Sietske","https://unc.nil.store/collections/sietske-bruning-17"
"23","Bullotta, Evan","https://unc.nil.store/collections/evan-bullotta-41"
"24","Bultman, Tayden","https://unc.nil.store/collections/tayden-bultman-25"
"25","Burnette, Noah","https://unc.nil.store/collections/noah-burnette-98"
"26","Byrd, Major","https://unc.nil.store/collections/major-byrd-39"
"27","Cabrera, Ella","https://unc.nil.store/collections/ella-cabrera-30"
"28","Cadeau, Elliot","https://unc.nil.store/collections/elliot-cadeau-2"
"29","Campbell, Amare","https://unc.nil.store/collections/amare-campbell-17"
"30","Carlson, Raeghan","https://unc.nil.store/collections/raeghan-carlson-8"
"31","Capocci, Francesco","https://unc.nil.store/collections/francesco-capocci-35"
"32","Casey, Reilly","https://unc.nil.store/collections/reilly-casey-7"
"33","Castagnozzi, Johnny","https://unc.nil.store/collections/johnny-castagnozzi-19"
"34","Catchpole, Molly","https://unc.nil.store/collections/molly-catchpole-4"
"35","Cliggett, Kennedy","https://unc.nil.store/collections/kennedy-cliggett-36"
"36","Closson, Quinn","https://unc.nil.store/collections/quinn-closson-0"
"37","Cohen, Jared","https://unc.nil.store/collections/jared-cohen"
"38","Coleman, Alex","https://unc.nil.store/collections/alex-coleman-3"
"39","Cook, Casey","https://unc.nil.store/collections/casey-cook-16"
"40","Collins, Hugh","https://unc.nil.store/collections/hugh-collins-50"
"41","Cordes, Andrew","https://unc.nil.store/collections/andrew-cordes-1"
"42","Cowan, Jacolbe","https://unc.nil.store/collections/jacolbe-cowan-93"
"43","Craft, Tylee","https://unc.nil.store/collections/tylee-craft-13"
"44","Crawley, Fiona","https://unc.nil.store/collections/fiona-crawley"
"45","Crockett, Patrick","https://unc.nil.store/collections/patrick-crockett"
"46","Culliver, Chris","https://unc.nil.store/collections/chris-culliver-3"
"47","Cunningham, Cara","https://unc.nil.store/collections/cara-cunningham"
"48","Czech, Andrew","https://unc.nil.store/collections/andrew-czech-27"
"49","DeCaro, Jason","https://unc.nil.store/collections/jason-decaro-29"
"50","Dahlien, Maddie","https://unc.nil.store/collections/maddie-dahlien-5"
"51","Dalton, Emma","https://unc.nil.store/collections/emma-dalton"
"52","Dark, Kenna","https://unc.nil.store/collections/kenna-dark-22"
"53","Davis, RJ","https://unc.nil.store/collections/rj-davis-4"
"54","Dellarose, Tessa","https://unc.nil.store/collections/tessa-dellarose-34"
"55","DeMarco, Antonio","https://unc.nil.store/collections/antonio-demarco-15"
"56","Dirks, Olivia","https://unc.nil.store/collections/olivia-dirks-27"
"57","Dix, Eliot","https://unc.nil.store/collections/eliot-dix-10"
"58","Dixon, Katie","https://unc.nil.store/collections/katie-dixon-14"
"59","Dixon, Owen","https://unc.nil.store/collections/owen-dixon-20"
"60","Dominguez, Makenna","https://unc.nil.store/collections/makenna-dominguez-27"
"61","Donarski, Lexi","https://unc.nil.store/collections/lexi-donarski-20"
"62","Donofrio, Anthon","https://unc.nil.store/collections/anthony-donofrio-4"
"63","Doreen, Colby","https://unc.nil.store/collections/colby-doreen-87"
"64","Downs, Hayden","https://unc.nil.store/collections/hayden-downs-98"
"65","Duffy, Owen","https://unc.nil.store/collections/owen-duffy-8"
"66","Dunne, Michael","https://unc.nil.store/collections/michael-dunne-47"
"67","Egan, Dewey","https://unc.nil.store/collections/dewey-egan-21"
"68","English, Ty","https://unc.nil.store/collections/ty-english-23"
"69","Eisenbeis, Dorrit","https://unc.nil.store/collections/dorrit-eisenbeis-29"
"70","Estrada, Isaias","https://unc.nil.store/collections/isaias-estrada-165"
"71","Farris, Duwe","https://unc.nil.store/collections/duwe-farris-34"
"72","Felter, Darcy","https://unc.nil.store/collections/darcy-felter-11"
"73","Fischer, Ryan","https://unc.nil.store/collections/ryan-fischer-51"
"74","Flannery, Boston","https://unc.nil.store/collections/boston-flannery-17"
"75","Forbes, Abigail","https://unc.nil.store/collections/abigail-forbes"
"76","Forrest, Sam","https://unc.nil.store/collections/sam-forrest-8"
"77","Fountain, Peter","https://unc.nil.store/collections/peter-fountain"
"78","Fox, Caroline","https://unc.nil.store/collections/caroline-fox-6"
"79","French, Carter","https://unc.nil.store/collections/carter-french-18"
"80","Gabrielian, Teddy","https://unc.nil.store/collections/teddy-gabrielian-17"
"81","Gakdeng, Maria","https://unc.nil.store/collections/maria-gakdeng-5"
"82","Galaska, Ryker","https://unc.nil.store/collections/ryker-galaska-12"
"83","Gallaher, Gavin","https://unc.nil.store/collections/gavin-gallaher-5"
"84","Galloway, Haye","https://unc.nil.store/collections/hayes-galloway-77"
"85","Gluckman, Zach","https://unc.nil.store/collections/zach-gluckman-54"
"86","Godine, Caroline","https://unc.nil.store/collections/caroline-godine-4"
"87","Godwin, Lexi","https://unc.nil.store/collections/lexi-godwin-9"
"88","Golden, Caroline","https://unc.nil.store/collections/caroline-golden-27"
"89","Goode, Kent","https://unc.nil.store/collections/kent-goode-2"
"90","Grays, RyLee","https://unc.nil.store/collections/rylee-grays-22"
"91","Green, Javarius","https://unc.nil.store/collections/javarius-green-9"
"92","Green, Trevyon","https://unc.nil.store/collections/trevyon-green-78"
"93","Guttridge, Aydin","https://unc.nil.store/collections/aydin-guttridge"
"94","Hak, Sanne","https://unc.nil.store/collections/sanne-hak-5"
"95","Hall, Gabi","https://unc.nil.store/collections/gabi-hall-5"
"96","Hall, Michael","https://unc.nil.store/collections/michael-hall-27"
"97","Haller, Madison","https://unc.nil.store/collections/madison-haller"
"98","Hamilton, Christian","https://unc.nil.store/collections/christian-hamilton-7"
"99","Hamrick, Malaki","https://unc.nil.store/collections/malaki-hamrick-24"
"100","Hannappel, Talia","https://unc.nil.store/collections/talia-hannappel"
"101","Hannigan, Colin","https://unc.nil.store/collections/colin-hannigan-99"
"102","Hanson, Grace","https://unc.nil.store/collections/grace-hanson"
"103","Harber, Parks","https://unc.nil.store/collections/parks-harber-14"
"104","Harden, Kaleigh","https://unc.nil.store/collections/kaleigh-harden-17"
"105","Hardy, Will","https://unc.nil.store/collections/will-hardy-31"
"106","Harris, Jakeen","https://unc.nil.store/collections/jakeen-harris-9"
"107","Harris, Nikki","https://unc.nil.store/collections/nikki-harris-00"
"108","Hartmark, Anders","https://unc.nil.store/collections/anders-hartmark"
"109","Haskin, Parker","https://unc.nil.store/collections/parker-haskin-52"
"110","Hayens, Hope","https://unc.nil.store/collections/hope-haynes-20"
"111","Head, Connor","https://unc.nil.store/collections/connor-head"
"112","Heck, Ryleigh","https://unc.nil.store/collections/ryleigh-heck-12"
"113","Hench, Ryan","https://unc.nil.store/collections/ryan-hench-57"
"114","Hicks, Jarvis","https://unc.nil.store/collections/jarvis-hicks-69"
"115","High, Zayden","https://unc.nil.store/collections/zayden-high-1"
"116","Hilbert, Xavier","https://unc.nil.store/collections/xavier-hilbert"
"117","Hille, Luke","https://unc.nil.store/collections/luke-hille-tbd"
"118","Holliday, Christopher","https://unc.nil.store/collections/christopher-holliday-18"
"119","Humphrey, Ashley","https://unc.nil.store/collections/ashley-humphrey-18"
"120","Honeycutt, Vance","https://unc.nil.store/collections/vance-honeycutt-7"
"121","Honis, Adam","https://unc.nil.store/collections/adam-honis"
"122","Horne, Bailey","https://unc.nil.store/collections/bailey-horne-2"
"123","Hull, Laila","https://unc.nil.store/collections/laila-hull-4"
"124","Huzzie, Alijah","https://unc.nil.store/collections/alijah-huzzie-28"
"125","Ingram, Harrison","https://unc.nil.store/collections/harrison-ingram-55"
"126","Izuzquiza, Crista","https://unc.nil.store/collections/crista-izuzquiza"
"127","Jackson, Desmond","https://unc.nil.store/collections/desmond-jackson-74"
"128","Jansen, William","https://unc.nil.store/collections/william-jansen"
"129","Jones, JJ","https://unc.nil.store/collections/jj-jones-5"
"130","Jordan, Aneshia","https://unc.nil.store/collections/aneshia-jordan-23"
"131","Jordan, Hartley","https://unc.nil.store/collections/hartley-jordan-38"
"132","Joseph, Will","https://unc.nil.store/collections/will-joseph-37"
"133","Kalos, George","https://unc.nil.store/collections/george-kalos-42"
"134","Kambeseles, Jack","https://unc.nil.store/collections/jack-kambeseles"
"135","Kane, Gavin","https://unc.nil.store/collections/gavin-kane"
"136","Kelly, Reniya","https://unc.nil.store/collections/reniya-kelly-10"
"137","Kitch, Andrew","https://unc.nil.store/collections/andrew-kitch-23"
"138","Koopman, Brett","https://unc.nil.store/collections/brett-koopman-34"
"139","Kulka, Carter","https://unc.nil.store/collections/carter-kulka-60"
"140","Kutsch, Daniel","https://unc.nil.store/collections/daniel-kutsch-42"
"141","Lammers, Pleun","https://unc.nil.store/collections/pleun-lammers-30"
"142","Landry, Ron","https://unc.nil.store/collections/rob-landry-22"
"143","Lawson, Timmy","https://unc.nil.store/collections/timmy-lawson-82"
"144","Lawton, Olivia","https://unc.nil.store/collections/olivia-lawton-14"
"145","Lebo, Creighton","https://unc.nil.store/collections/creighton-lebo-14"
"146","Loftus, Jack","https://unc.nil.store/collections/jack-loftus-60"
"147","Long, Alyssa","https://unc.nil.store/collections/alyssa-long-10"
"148","Longfield, Molly","https://unc.nil.store/collections/molly-longfield-28"
"149","Lora, Rodney","https://unc.nil.store/collections/rodney-lora-92"
"150","Lorentz, Tate","https://unc.nil.store/collections/tate-lorentz-32"
"151","Louie, Jordab","https://unc.nil.store/collections/jordab-louie-34"
"152","Lugo, Daniel","https://unc.nil.store/collections/daniel-lugo-17"
"153","Macrae, Gibson","https://unc.nil.store/collections/gibson-macrae-53"
"154","Madera, Alex","https://unc.nil.store/collections/alex-madera-1"
"155","Martin, Adair","https://unc.nil.store/collections/adair-martin-6"
"156","Martin, Camryn","https://unc.nil.store/collections/camryn-martin-21"
"157","Martins, Delea","https://unc.nil.store/collections/delea-martins"
"158","Matan, Jame","https://unc.nil.store/collections/james-matan-7"
"159","Mayerhoff, Tyler","https://unc.nil.store/collections/tyler-mayerhoff"
"160","Mazzone, DJ","https://unc.nil.store/collections/dj-mazzone-13"
"161","McClure, Sara","https://unc.nil.store/collections/sara-mcclure"
"162","McDowell, John","https://unc.nil.store/collections/john-mcdowell-14"
"163","McGillion-Moore, Jake","https://unc.nil.store/collections/jake-mcgillion-moore-47"
"164","McGimsey, Isabelle","https://unc.nil.store/collections/isabelle-mcgimsey"
"165","McGovern, Logan","https://unc.nil.store/collections/logan-mcgovern-1"
"166","McPherson, Kayla","https://unc.nil.store/collections/kayla-mcpherson-11"
"167","Meehan, Alli","https://unc.nil.store/collections/alli-meehan-18"
"168","Melilli, Michael","https://unc.nil.store/collections/michael-melilli-31"
"169","Merdinger, Michael","https://unc.nil.store/collections/michael-merdinger-17"
"170","Meyerhoefer, Marissa","https://unc.nil.store/collections/marissa-meyerhoefer-24"
"171","Middleton, Destiny","https://unc.nil.store/collections/destiny-middleton-47"
"172","Miller, Brooks","https://unc.nil.store/collections/brooks-miller-20"
"173","Molho, Sofia","https://unc.nil.store/collections/sofia-molho"
"174","Montilus, Ed","https://unc.nil.store/collections/ed-montilus-63"
"175","Moore, Spencer","https://unc.nil.store/collections/spencer-moore"
"176","Mottice, Kiley","https://unc.nil.store/collections/kiley-mottice-3"
"177","Mulvaney, Alec","https://unc.nil.store/collections/alec-mulvaney"
"178","Murphy, Myles","https://unc.nil.store/collections/myles-murphy-8"
"179","Myrtle, Carlie","https://unc.nil.store/collections/carlie-myrtle-17"
"180","Nalls, Emily","https://unc.nil.store/collections/emily-nalls-1"
"181","Nelson, Betty","https://unc.nil.store/collections/betty-nelson-88"
"182","Nesbit, Bryson","https://unc.nil.store/collections/bryson-nesbit-18"
"183","Nivar, Indya","https://unc.nil.store/collections/indya-nivar-24"
"184","Norwood, Jani","https://unc.nil.store/collections/jani-norwood-56"
"185","OConnor, Julia","https://unc.nil.store/collections/julia-oconnor-19"
"186","Oake, Erica","https://unc.nil.store/collections/erica-oake"
"187","Odiorne, Ashton","https://unc.nil.store/collections/ashton-odiorne-31"
"188","O’Ferral, Parke","https://unc.nil.store/collections/parker-o-ferral-21"
"189","O'Leary, Ryan","https://unc.nil.store/collections/ryan-oleary-35"
"190","Osuna, Alberto","https://unc.nil.store/collections/alberto-osuna-23"
"191","Overbeck, Carson","https://unc.nil.store/collections/carson-overbeck-20"
"192","Owen, Autumn","https://unc.nil.store/collections/autumn-owen-11"
"193","Padgett, Cameron","https://unc.nil.store/collections/cameron-padgett-15"
"194","Palazzolo, Will","https://unc.nil.store/collections/will-palazzolo"
"195","Paolini, Nathan","https://unc.nil.store/collections/nathan-paolini"
"196","Parks, Tyler","https://unc.nil.store/collections/tyler-parks-43"
"197","Parker, Erin","https://unc.nil.store/collections/erin-parker-20"
"198","Patterson, Jaiden","https://unc.nil.store/collections/jaiden-patterson-18"
"199","Pence, Dalton","https://unc.nil.store/collections/dalton-pence-49"
"200","Percival, Kyle","https://unc.nil.store/collections/kyle-percival-26"
"201","Peterson, Ben","https://unc.nil.store/collections/ben-peterson-25"
"202","Pledger, Todd","https://unc.nil.store/collections/todd-pledger-90"
"203","Pierce, Kiannah","https://unc.nil.store/collections/kiannah-pierce-16"
"204","Pietramala, Dominic","https://unc.nil.store/collections/dominic-pietramala-77"
"205","Pikiell, Olivia","https://unc.nil.store/collections/olivia-pikiell-24"
"206","Poole, Anya","https://unc.nil.store/collections/anya-poole-31"
"207","Pope, Brock","https://unc.nil.store/collections/brock-pope-tbd"
"208","Poole, Kenan","https://unc.nil.store/collections/kenan-poole-n-a"
"209","Pottebaum, Grace","https://unc.nil.store/collections/grace-pottebaum-16"
"210","Prohaszka, Kai","https://unc.nil.store/collections/kai-prohaszka-33"
"211","Quartermain, Riley","https://unc.nil.store/collections/riley-quartermain"
"212","Rabman, Theadora","https://unc.nil.store/collections/theadora-rabman"
"213","Rampazzo, Luca","https://unc.nil.store/collections/luca-rampazzo"
"214","Reed, Flynn","https://unc.nil.store/collections/flynn-reed-44"
"215","Regnier, Andrew","https://unc.nil.store/collections/andrew-regnier"
"216","Riccardo, Ciana","https://unc.nil.store/collections/ciana-riccardo-8"
"217","Richter, Ethan","https://unc.nil.store/collections/ethan-richter"
"218","Riddle, Alec","https://unc.nil.store/collections/alec-riddle-49"
"219","Riddle, Graham","https://unc.nil.store/collections/graham-riddle-48"
"220","Ritzie, Jahvaree","https://unc.nil.store/collections/jahvaree-ritzie-5"
"221","Roberts, Avery","https://unc.nil.store/collections/avery-roberts-20"
"222","Rolland, Spencer","https://unc.nil.store/collections/spencer-rolland-75"
"223","Romerhaus, Sam","https://unc.nil.store/collections/sam-romerhaus"
"224","Rucker, Kaimon","https://unc.nil.store/collections/kaimon-rucker-25"
"225","Rule, Brody","https://unc.nil.store/collections/brody-rule-50"
"226","Ryan, Cormac","https://unc.nil.store/collections/cormac-ryan-3"
"227","Schmidt, Grayson","https://unc.nil.store/collections/grayson-schmidt-52"
"228","Schwarz, Johnny","https://unc.nil.store/collections/johnny-schwarz-6"
"229","Schwarz, Tyler","https://unc.nil.store/collections/tyler-schwarz-43"
"230","Scotty, Elizabeth","https://unc.nil.store/collections/elizabeth-scotty"
"231","Sember, Bella","https://unc.nil.store/collections/bella-sember-18"
"232","Settlemyre, Abby","https://unc.nil.store/collections/abby-settlemyre-29"
"233","Shaw, Travis","https://unc.nil.store/collections/travis-shaw-4"
"234","Sheehan, Amelia","https://unc.nil.store/collections/amelia-sheehan-16"
"235","Shepanek, Noah","https://unc.nil.store/collections/noah-shepanek-21"
"236","Shipp, Jordan","https://unc.nil.store/collections/jordan-shipp-1"
"237","Short, Michael","https://unc.nil.store/collections/michael-short-30"
"238","Short, Naari","https://unc.nil.store/collections/naari-short-38"
"239","Shugart, Henry","https://unc.nil.store/collections/henry-shugart"
"240","Shy, Edwin","https://unc.nil.store/collections/edwin-shy-16"
"241","Simpson, Curtis","https://unc.nil.store/collections/curtis-simpson-33"
"242","Sleater, Patrick","https://unc.nil.store/collections/patrick-sleater"
"243","Slinkert, Lisa","https://unc.nil.store/collections/lisa-slinkert-19"
"244","Smith, Kayla","https://unc.nil.store/collections/kayla-smith"
"245","Smith, Kelly","https://unc.nil.store/collections/kelly-smith-6"
"246","Smith, Skyler","https://unc.nil.store/collections/skyler-smith"
"247","Smolenaars, Jasmina","https://unc.nil.store/collections/jasmina-smolenaars-22"
"248","Snead, Carsyn","https://unc.nil.store/collections/carsyn-snead-2"
"249","Sprague, Shea","https://unc.nil.store/collections/shea-sprague-28"
"250","Starlings, Joel","https://unc.nil.store/collections/joel-starlings-94"
"251","Stevenson, Luke","https://unc.nil.store/collections/luke-stevenson-44"
"252","Stokely, Hunter","https://unc.nil.store/collections/hunter-stokely-45"
"253","Streicher, Megan","https://unc.nil.store/collections/megan-streicher"
"254","Swift, Sadie","https://unc.nil.store/collections/sadie-swift-7"
"255","Sutton, Eli","https://unc.nil.store/collections/eli-sutton-73"
"256","Tamashiro, Kai","https://unc.nil.store/collections/kai-tamashiro-22"
"257","Tanguilig, Carson","https://unc.nil.store/collections/carson-tanguilig"
"258","Taylor, Abigail","https://unc.nil.store/collections/abigail-taylor-82"
"259","Thibodeau, Cassidy","https://unc.nil.store/collections/cassidy-thibodeau-21"
"260","Thomann, Peter","https://unc.nil.store/collections/peter-thomann-5"
"261","Thomassey, Kiersten","https://unc.nil.store/collections/kiersten-thomassey-35"
"262","Thompson, Sanaa","https://unc.nil.store/collections/sanaa-thompson-19"
"263","Tillman, Lance","https://unc.nil.store/collections/lance-tillman-0"
"264","Timinskas, Natalie","https://unc.nil.store/collections/natalie-timinskas"
"265","Toomey, Ciera","https://unc.nil.store/collections/ciera-toomey-21"
"266","Traggio, Ellie","https://unc.nil.store/collections/ellie-traggio-22"
"267","Tran, Reilly","https://unc.nil.store/collections/reilly-tran"
"268","Triplett, Spencer","https://unc.nil.store/collections/spencer-triplett-62"
"269","Tucker, Iman","https://unc.nil.store/collections/iman-tucker"
"270","Tyeryar, Andrew","https://unc.nil.store/collections/andrew-tyeryar-3"
"271","Ustby, Alyssa","https://unc.nil.store/collections/alyssa-ustby-1"
"272","Vician, Martin","https://unc.nil.store/collections/martin-vician-9"
"273","Waesch, Hagen","https://unc.nil.store/collections/hagen-waesch-26"
"274","Walker-Welch, Brooklyn","https://unc.nil.store/collections/brooklyn-walker-welch-45"
"275","Walsh, Lauren","https://unc.nil.store/collections/lauren-walsh"
"276","Ward, Ryan","https://unc.nil.store/collections/ryan-ward-16"
"277","Washington, Jalen","https://unc.nil.store/collections/jalen-washington-13"
"278","Watson, Wade","https://unc.nil.store/collections/wade-watson-53"
"279","Weisner, Regan","https://unc.nil.store/collections/regan-weisner-4"
"280","Wellford, Harry","https://unc.nil.store/collections/harry-wellford-4"
"281","Whaling, Caden","https://unc.nil.store/collections/caden-whaling-28"
"282","White, Marissa","https://unc.nil.store/collections/marissa-white-21"
"283","White, Ty","https://unc.nil.store/collections/ty-white-18"
"284","Williams, Spencer","https://unc.nil.store/collections/spencer-williams"
"285","Wilkerson, Colby","https://unc.nil.store/collections/colby-wilkerson-3"
"286","Wilson, Brayson","https://unc.nil.store/collections/brayson-wilson-45"
"287","Wilson, Janelle","https://unc.nil.store/collections/janelle-wilson-48"
"288","Withers, Jae'Lyn","https://unc.nil.store/collections/jaelyn-withers-24"
"289","Woods, Ashton","https://unc.nil.store/collections/ashton-woods-7"
"290","Wojcik, Paxson","https://unc.nil.store/collections/paxson-wojcik-8"
"291","Wright, Avery","https://unc.nil.store/collections/avery-wright"
"292","Wurzburger, Caitlyn","https://unc.nil.store/collections/caitlyn-wurzburger-15"
"293","Yardimci, Peyman","https://unc.nil.store/collections/peyman-yardimci-11"
"294","Yarlagadda, Anika","https://unc.nil.store/collections/anika-yarlagadda"
"295","Zelaya, Alexandra","https://unc.nil.store/collections/alexandra-zelaya-0"
"296","Ziglar, Malcolm","https://unc.nil.store/collections/malcolm-ziglar-3"
